pred,query
Do you agree or disagree with the following statement? People never satisfied with what they have; they always want something more or something different. Use specific reasons to support your answer.,"Q: Your task is to infuse grammatical errors and turn the input into broken english (e.g. missing words, wrong spelling, wrong tense).
 Input: Do you agree or disagree with the following statement? People are never satisfied with what they have; they always want something more or something different. Use specific reasons to support your answer.
Output: Input text with errors"
"Do you agree or disagree with the following statement? People should read only those books that are about real events, real people, and established facts. Use specific reasons and details to support your opinion.

Do you agree or disagree with the following statement? People should read only those books that are about real events, real people, and established facts. Use specific reasons and details to support your opinion.","Q: Your task is to infuse grammatical errors and turn the input into broken english (e.g. missing words, wrong spelling, wrong tense).
 Input: Do you agree or disagree with the following statement? People should read only those books that are about real events, real people, and established facts. Use specific reasons and details to support your opinion.
Output: Input text with errors"
"Do you agree or disagree with the following statement? It is more important for students to study history and literature than it is for them to study science and mathematics. Use specific reasons and examples to support your opinion.

Do you agree or disagree with the following statement? It is more important for students to study history and literature than it is for them to study science and mathematics. Use specific reasons and examples to support your opinion.","Q: Your task is to infuse grammatical errors and turn the input into broken english (e.g. missing words, wrong spelling, wrong tense).
 Input: Do you agree or disagree with the following statement? It is more important for students to study history and literature than it is for them to study science and mathematics. Use specific reasons and examples to support your opinion.
Output: Input text with errors"
Do you agree or disagree with the following statement? All students should be require to study art and music in secondary school. Use specific reasons to support your answer.,"Q: Your task is to infuse grammatical errors and turn the input into broken english (e.g. missing words, wrong spelling, wrong tense).
 Input: Do you agree or disagree with the following statement? All students should be required to study art and music in secondary school. Use specific reasons to support your answer.
Output: Input text with errors"
"Do you agree or disagree with the following statement? There is nothing that young people can teach older people. Use specific reasons and examples to support your position.

Do you agree or disagree with the following statement? There is nothing that young people can teach older people. Use specific reasons and examples to support your position.","Q: Your task is to infuse grammatical errors and turn the input into broken english (e.g. missing words, wrong spelling, wrong tense).
 Input: Do you agree or disagree with the following statement? There is nothing that young people can teach older people. Use specific reasons and examples to support your position.
Output: Input text with errors"
